Stopwords Dropped, Feature Selector, Accuracy, Precision, Recall, F1-Measure, Training took(seconds)
True, Most Frequent Words, 0.7377049180327869, 0.7058823529411765, 0.8, 0.7500000000000001, 0.261649
False, Most Frequent Words, 0.7213114754098361, 0.7407407407407407, 0.6666666666666666, 0.7017543859649122, 0.19425
True, Doc Frequency Difference, 0.9180327868852459, 0.8787878787878788, 0.9666666666666667, 0.9206349206349207, 0.445906
False, Doc Frequency Difference, 0.9180327868852459, 0.8787878787878788, 0.9666666666666667, 0.9206349206349207, 0.333979
True, Plain Frequency Difference, 0.8852459016393442, 0.8484848484848485, 0.9333333333333333, 0.888888888888889, 0.401929
False, Plain Frequency Difference, 0.8688524590163934, 0.84375, 0.9, 0.870967741935484, 0.338523
True, Mixed Frequency Difference, 0.8852459016393442, 0.8285714285714286, 0.9666666666666667, 0.8923076923076922, 0.766476
False, Mixed Frequency Difference, 0.9180327868852459, 0.8787878787878788, 0.9666666666666667, 0.9206349206349207, 0.639141