Stopwords Dropped, Feature Selector, Accuracy, Precision, Recall, F1-Measure, Training took(seconds)
True, Most Frequent Words, 0.5901639344262295, 0.5510204081632653, 0.9, 0.6835443037974683, 0.200358
False, Most Frequent Words, 0.6065573770491803, 0.56, 0.9333333333333333, 0.7000000000000001, 0.175127
True, Doc Frequency Difference, 0.8688524590163934, 0.8055555555555556, 0.9666666666666667, 0.8787878787878789, 0.452479
False, Doc Frequency Difference, 0.8688524590163934, 0.8055555555555556, 0.9666666666666667, 0.8787878787878789, 0.384467,
True, Plain Frequency Difference, 0.8524590163934426, 0.7837837837837838, 0.9666666666666667, 0.8656716417910447, 0.533508
False, Plain Frequency Difference, 0.7377049180327869, 0.6590909090909091, 0.9666666666666667, 0.7837837837837838, 0.42628
True, Mixed Frequency Difference, 0.8524590163934426, 0.7837837837837838, 0.9666666666666667, 0.8656716417910447, 0.829031
False, Mixed Frequency Difference, 0.8524590163934426, 0.7837837837837838, 0.9666666666666667, 0.8656716417910447, 0.703819