Stopwords Dropped, Feature Selector, Accuracy, Precision, Recall, F1-Measure, Training took(seconds)
True, Most Frequent Words, 0.5901639344262295, 0.5675675675675675, 0.7, 0.626865671641791, 0.210193
False, Most Frequent Words, 0.7049180327868853, 0.6428571428571429, 0.9, 0.75, 0.171704
True, Doc Frequency Difference, 0.8360655737704918, 0.9545454545454546, 0.7, 0.8076923076923077, 0.496865
False, Doc Frequency Difference, 0.8360655737704918, 0.9545454545454546, 0.7, 0.8076923076923077, 0.339314
True, Plain Frequency Difference, 0.7540983606557377, 0.7142857142857143, 0.8333333333333334, 0.7692307692307692, 0.395384
False, Plain Frequency Difference, 0.6885245901639344, 0.6410256410256411, 0.8333333333333334, 0.7246376811594204, 0.33102
True, Mixed Frequency Difference, 0.819672131147541, 0.9523809523809523, 0.6666666666666666, 0.7843137254901961, 0.775635
False, Mixed Frequency Difference, 0.8360655737704918, 0.9545454545454546, 0.7, 0.8076923076923077, 0.6349