query, field, spearman, kendal tau,
italia, country, 0.6478607893031563, 0.4896608767576509,
vinho tinto, name, 0.9876134853933434, 0.9335381860361002,
syrah, grape, 0.6111328950909161, 0.44767616191904047,
branco, wine_type, 0.8976897506309272, 0.7902920608802961,
16.5%, alcohol_content, -0.0819195532008492, -0.02966547443719758,
